{"version":"11.7","flows":[{"base_language":"base","action_sets":[{"uuid":"0bf743cc-2410-42eb-9a01-d9fb1b6c28ce","x":100,"y":0,"destination":"4cbc53a0-6b36-455e-b650-99c61bb6cbd8","actions":[{"type":"reply","uuid":"58f8384d-92b3-41d2-804f-8c4c6240924e","msg":{"base":"Hi there, please send a selfie"},"media":{},"quick_replies":[],"send_all":false}],"exit_uuid":"d72940e7-7862-4b50-99eb-f8468cf6905f"},{"uuid":"c0a74ab0-cfed-4dd7-8598-b56c920782d0","x":103,"y":164,"destination":"cfec213d-73fe-4581-ac7e-919ebe481e84","actions":[{"type":"reply","uuid":"dce3e627-65f5-4396-b5d3-67ed6f0b95ef","msg":{"base":"Now send a video"},"media":{},"quick_replies":[],"send_all":false}],"exit_uuid":"6ff4c8d9-3f07-4e22-a3e5-a121a772cee3"},{"uuid":"87e22e68-0191-4150-9393-74a32ef94349","x":101,"y":334,"destination":"bf12f1bc-309f-4031-aa1d-89950a3aaced","actions":[{"type":"reply","uuid":"6c21c268-759e-4156-b074-e4a3fed0dda3","msg":{"base":"Now send an audio recording"},"media":{},"quick_replies":[],"send_all":false}],"exit_uuid":"8a0819c0-db66-4018-aeee-6614831c7a09"},{"uuid":"5f652da0-b4c3-4a27-aad6-947e807fe8fc","x":101,"y":516,"destination":"ef9f81e6-7950-46b0-a2a4-21ba79371243","actions":[{"type":"reply","uuid":"f210c97b-9020-43d6-99e2-631e2e62e97b","msg":{"base":"Finally please send your location"},"media":{},"quick_replies":[],"send_all":false}],"exit_uuid":"b9103baf-1eca-443a-92f4-58b566f05297"},{"uuid":"2bd64e0c-3560-4034-9038-03ce44a1bbc8","x":102,"y":709,"destination":null,"actions":[{"type":"reply","uuid":"1f30ac69-69d6-41bb-8e53-56d380704e37","msg":{"base":"Thanks!"},"media":{},"quick_replies":[],"send_all":false}],"exit_uuid":"6b83a285-48ee-443b-a257-83bfe6db9d18"}],"rule_sets":[{"uuid":"4cbc53a0-6b36-455e-b650-99c61bb6cbd8","x":231,"y":88,"label":"Selfie","rules":[{"uuid":"c443b1b7-92e8-45f8-abf8-3c295d96549f","category":{"base":"All Responses"},"destination":"c0a74ab0-cfed-4dd7-8598-b56c920782d0","destination_type":"A","test":{"type":"true"},"label":null}],"finished_key":null,"ruleset_type":"wait_photo","response_type":"","operand":"@step.value","config":{}},{"uuid":"bf12f1bc-309f-4031-aa1d-89950a3aaced","x":232,"y":436,"label":"Recording","rules":[{"uuid":"10afb9ff-cde2-4e75-9668-df80b50fc247","category":{"base":"All Responses"},"destination":"5f652da0-b4c3-4a27-aad6-947e807fe8fc","destination_type":"A","test":{"type":"true"},"label":null}],"finished_key":null,"ruleset_type":"wait_audio","response_type":"","operand":"@step.value","config":{}},{"uuid":"ef9f81e6-7950-46b0-a2a4-21ba79371243","x":226,"y":626,"label":"Location","rules":[{"uuid":"9728a61a-6387-4441-9d4a-8e7ea8b993d9","category":{"base":"All Responses"},"destination":"2bd64e0c-3560-4034-9038-03ce44a1bbc8","destination_type":"A","test":{"type":"true"},"label":null}],"finished_key":null,"ruleset_type":"wait_gps","response_type":"","operand":"@step.value","config":{}},{"uuid":"cfec213d-73fe-4581-ac7e-919ebe481e84","x":234,"y":255,"label":"Vlog","rules":[{"uuid":"3e83c9fc-307c-4f5a-9879-0230d75bd863","category":{"base":"All Responses"},"destination":"87e22e68-0191-4150-9393-74a32ef94349","destination_type":"A","test":{"type":"true"},"label":null}],"finished_key":null,"ruleset_type":"wait_message","response_type":"","operand":"@step.value","config":{}}],"version":"11.7","flow_type":"S","entry":"0bf743cc-2410-42eb-9a01-d9fb1b6c28ce","metadata":{"uuid":"e54809ba-2f28-439b-b90b-c623eafa05ae","revision":2,"name":"Multimedia","contact_creation":null}}]}