{"fields":[],"steps":[{"node":"0bf743cc-2410-42eb-9a01-d9fb1b6c28ce","arrived_on":"2018-11-29T22:38:21.333Z","left_on":"2018-11-29T22:38:21.348Z","rule":null,"actions":[{"type":"reply","msg":"Hi there, please send a selfie"}],"errors":[],"flow_uuid":"e54809ba-2f28-439b-b90b-c623eafa05ae"},{"node":"4cbc53a0-6b36-455e-b650-99c61bb6cbd8","arrived_on":"2018-11-29T22:38:21.348Z","left_on":"2018-11-29T22:38:29.045Z","rule":{"uuid":"c443b1b7-92e8-45f8-abf8-3c295d96549f","value":"content://io.rapidpro.surveyor.provider/external_files/Surveyor/submissions/1/e54809ba-2f28-439b-b90b-c623eafa05ae/media/2_1ea17864-06a5-4f76-a405-9a605ae89098.jpg","category":"All Responses","text":"content://io.rapidpro.surveyor.provider/external_files/Surveyor/submissions/1/e54809ba-2f28-439b-b90b-c623eafa05ae/media/2_1ea17864-06a5-4f76-a405-9a605ae89098.jpg","media":"image/jpeg:content://io.rapidpro.surveyor.provider/external_files/Surveyor/submissions/1/e54809ba-2f28-439b-b90b-c623eafa05ae/media/2_1ea17864-06a5-4f76-a405-9a605ae89098.jpg","flow_uuid":"e54809ba-2f28-439b-b90b-c623eafa05ae"},"actions":[],"errors":[],"flow_uuid":"e54809ba-2f28-439b-b90b-c623eafa05ae"},{"node":"c0a74ab0-cfed-4dd7-8598-b56c920782d0","arrived_on":"2018-11-29T22:38:29.045Z","left_on":"2018-11-29T22:38:29.048Z","rule":null,"actions":[{"type":"reply","msg":"Now send a video"}],"errors":[],"flow_uuid":"e54809ba-2f28-439b-b90b-c623eafa05ae"},{"node":"cfec213d-73fe-4581-ac7e-919ebe481e84","arrived_on":"2018-11-29T22:38:29.048Z","left_on":"2018-11-29T22:38:35.767Z","rule":{"uuid":"3e83c9fc-307c-4f5a-9879-0230d75bd863","value":"video","category":"All Responses","text":"video","media":null,"flow_uuid":"e54809ba-2f28-439b-b90b-c623eafa05ae"},"actions":[],"errors":[],"flow_uuid":"e54809ba-2f28-439b-b90b-c623eafa05ae"},{"node":"87e22e68-0191-4150-9393-74a32ef94349","arrived_on":"2018-11-29T22:38:35.767Z","left_on":"2018-11-29T22:38:35.769Z","rule":null,"actions":[{"type":"reply","msg":"Now send an audio recording"}],"errors":[],"flow_uuid":"e54809ba-2f28-439b-b90b-c623eafa05ae"},{"node":"bf12f1bc-309f-4031-aa1d-89950a3aaced","arrived_on":"2018-11-29T22:38:35.769Z","left_on":"2018-11-29T22:38:39.480Z","rule":{"uuid":"10afb9ff-cde2-4e75-9668-df80b50fc247","value":"content://io.rapidpro.surveyor.provider/external_files/Surveyor/submissions/1/e54809ba-2f28-439b-b90b-c623eafa05ae/media/2_1ea17864-06a5-4f76-a405-9a605ae89098.m4a","category":"All Responses","text":"content://io.rapidpro.surveyor.provider/external_files/Surveyor/submissions/1/e54809ba-2f28-439b-b90b-c623eafa05ae/media/2_1ea17864-06a5-4f76-a405-9a605ae89098.m4a","media":"audio/mp4:content://io.rapidpro.surveyor.provider/external_files/Surveyor/submissions/1/e54809ba-2f28-439b-b90b-c623eafa05ae/media/2_1ea17864-06a5-4f76-a405-9a605ae89098.m4a","flow_uuid":"e54809ba-2f28-439b-b90b-c623eafa05ae"},"actions":[],"errors":[],"flow_uuid":"e54809ba-2f28-439b-b90b-c623eafa05ae"},{"node":"5f652da0-b4c3-4a27-aad6-947e807fe8fc","arrived_on":"2018-11-29T22:38:39.480Z","left_on":"2018-11-29T22:38:39.484Z","rule":null,"actions":[{"type":"reply","msg":"Finally please send your location"}],"errors":[],"flow_uuid":"e54809ba-2f28-439b-b90b-c623eafa05ae"},{"node":"ef9f81e6-7950-46b0-a2a4-21ba79371243","arrived_on":"2018-11-29T22:38:39.484Z","left_on":"2018-11-29T22:38:42.916Z","rule":{"uuid":"9728a61a-6387-4441-9d4a-8e7ea8b993d9","value":"37.4219983,-122.084","category":"All Responses","text":"37.4219983,-122.084","media":"geo:37.4219983,-122.084","flow_uuid":"e54809ba-2f28-439b-b90b-c623eafa05ae"},"actions":[],"errors":[],"flow_uuid":"e54809ba-2f28-439b-b90b-c623eafa05ae"},{"node":"2bd64e0c-3560-4034-9038-03ce44a1bbc8","arrived_on":"2018-11-29T22:38:42.916Z","left_on":null,"rule":null,"actions":[{"type":"reply","msg":"Thanks!"}],"errors":[],"flow_uuid":"e54809ba-2f28-439b-b90b-c623eafa05ae"}],"flow":"e54809ba-2f28-439b-b90b-c623eafa05ae","contact":{"uuid":null,"name":null,"urns":[],"groups":[],"fields":{},"language":null},"started":"2018-11-29T22:38:21.333Z","revision":2,"completed":true,"app_version":"11.5.3","submitted_by":"org1.surveyor@nyaruka.com"}