{"version":"11.7","flows":[{"base_language":"base","action_sets":[{"uuid":"9728c32c-e762-4df1-9a49-a6b7bc9860f1","x":100,"y":0,"destination":"e97db67c-edd6-44e6-9227-862162278f4e","actions":[{"type":"reply","uuid":"450d2c77-a2d2-4cec-8a97-a96c5d7bf126","msg":{"base":"What is your favorite beer?"},"media":{},"quick_replies":[],"send_all":false}],"exit_uuid":"b2ca7d09-26e1-4ca2-b92d-94b0e1ca7c42"},{"uuid":"f6d2a660-b341-448c-8825-e528e035bd70","x":118,"y":205,"destination":"331c37ce-1e6f-4294-b64c-91b8a8910f99","actions":[{"type":"reply","uuid":"4c3be4d2-c994-4e28-946c-5ea9ee33659a","msg":{"base":"@flow.beer.category is a great beer! What is your favorite color?"},"media":{},"quick_replies":[],"send_all":false}],"exit_uuid":"2db503c0-891d-4f95-9c00-a255f3817aa5"},{"uuid":"149ca18e-f1e8-440f-b822-5de03db3e173","x":689,"y":144,"destination":"e97db67c-edd6-44e6-9227-862162278f4e","actions":[{"type":"reply","uuid":"5e5b8b5a-b638-4a58-94a6-bb79814f4712","msg":{"base":"I didn't recognize that beer. Please try again."},"media":{},"quick_replies":[],"send_all":false}],"exit_uuid":"efa53c32-98c7-4fe0-8fec-609187226a17"},{"uuid":"befb3cea-7773-4bbc-8024-b836f700163b","x":161,"y":459,"destination":null,"actions":[{"type":"reply","uuid":"a3ad6679-a32c-4af0-babc-2def65adc185","msg":{"base":"Ok let's go get some @flow.color.category @flow.beer.category!"},"media":{},"quick_replies":[],"send_all":false}],"exit_uuid":"2324ce4b-6ff7-4b7e-bbcd-6862a4733bf9"},{"uuid":"ce94cc55-c3d1-4913-b6cf-1231c5c103f4","x":721,"y":369,"destination":"331c37ce-1e6f-4294-b64c-91b8a8910f99","actions":[{"type":"reply","uuid":"5ed80e3b-d6ec-4b25-bbbf-39ae8935ab00","msg":{"base":"@flow.color.text isn't a color I know. Please try again."},"media":{},"quick_replies":[],"send_all":false}],"exit_uuid":"48fc046d-41dd-4072-aeec-17b1a668abd0"}],"rule_sets":[{"uuid":"e97db67c-edd6-44e6-9227-862162278f4e","x":228,"y":78,"label":"Beer","rules":[{"uuid":"65b18d0e-3333-4aea-98d1-b534edd48707","category":{"base":"Club"},"destination":"f6d2a660-b341-448c-8825-e528e035bd70","destination_type":"A","test":{"type":"contains_any","test":{"base":"Club"}},"label":null},{"uuid":"92c3fce7-ced5-4c42-b850-94e3414fcfb5","category":{"base":"Pilsner"},"destination":"f6d2a660-b341-448c-8825-e528e035bd70","destination_type":"A","test":{"type":"contains_any","test":{"base":"Pilsner"}},"label":null},{"uuid":"4d5957ca-393c-4c54-85a2-6c5a070f06d3","category":{"base":"Mutzig"},"destination":"f6d2a660-b341-448c-8825-e528e035bd70","destination_type":"A","test":{"type":"contains_any","test":{"base":"Mutzig"}},"label":null},{"uuid":"daedc391-4749-4507-90f3-81ecfdfc9a07","category":{"base":"Other"},"destination":"149ca18e-f1e8-440f-b822-5de03db3e173","destination_type":"A","test":{"type":"true"},"label":null}],"finished_key":null,"ruleset_type":"wait_message","response_type":"","operand":"@step.value","config":{}},{"uuid":"331c37ce-1e6f-4294-b64c-91b8a8910f99","x":293,"y":330,"label":"Color","rules":[{"uuid":"7594bdc9-b537-4750-8db7-544e69356e58","category":{"base":"Red"},"destination":"befb3cea-7773-4bbc-8024-b836f700163b","destination_type":"A","test":{"type":"contains_any","test":{"base":"red"}},"label":null},{"uuid":"3b9b555e-afdd-489b-9f4f-78100ee58277","category":{"base":"Blue"},"destination":"befb3cea-7773-4bbc-8024-b836f700163b","destination_type":"A","test":{"type":"contains_any","test":{"base":"blue"}},"label":null},{"uuid":"4433a71c-439e-4d33-b765-c4e8ddd7c6c4","category":{"base":"Green"},"destination":"befb3cea-7773-4bbc-8024-b836f700163b","destination_type":"A","test":{"type":"contains_any","test":{"base":"green"}},"label":null},{"uuid":"cb9a9739-8f22-4448-bab9-44a44ade9490","category":{"base":"Other"},"destination":"ce94cc55-c3d1-4913-b6cf-1231c5c103f4","destination_type":"A","test":{"type":"true"},"label":null}],"finished_key":null,"ruleset_type":"wait_message","response_type":"","operand":"@step.value","config":{}}],"version":"11.7","flow_type":"S","entry":"9728c32c-e762-4df1-9a49-a6b7bc9860f1","metadata":{"uuid":"bdd61538-5f50-4836-a8fb-acaafd64ddb1","revision":1,"name":"Two Questions","contact_creation":"run"}}]}