{"fields":[],"steps":[{"node":"9728c32c-e762-4df1-9a49-a6b7bc9860f1","arrived_on":"2018-11-29T22:33:29.279Z","left_on":"2018-11-29T22:33:29.291Z","rule":null,"actions":[{"type":"reply","msg":"What is your favorite beer?"}],"errors":[],"flow_uuid":"bdd61538-5f50-4836-a8fb-acaafd64ddb1"},{"node":"e97db67c-edd6-44e6-9227-862162278f4e","arrived_on":"2018-11-29T22:33:29.291Z","left_on":"2018-11-29T22:33:33.155Z","rule":{"uuid":"65b18d0e-3333-4aea-98d1-b534edd48707","value":"club","category":"Club","text":"club","media":null,"flow_uuid":"bdd61538-5f50-4836-a8fb-acaafd64ddb1"},"actions":[],"errors":[],"flow_uuid":"bdd61538-5f50-4836-a8fb-acaafd64ddb1"},{"node":"f6d2a660-b341-448c-8825-e528e035bd70","arrived_on":"2018-11-29T22:33:33.155Z","left_on":"2018-11-29T22:33:33.162Z","rule":null,"actions":[{"type":"reply","msg":"Club is a great beer! What is your favorite color?"}],"errors":[],"flow_uuid":"bdd61538-5f50-4836-a8fb-acaafd64ddb1"},{"node":"331c37ce-1e6f-4294-b64c-91b8a8910f99","arrived_on":"2018-11-29T22:33:33.162Z","left_on":"2018-11-29T22:33:38.916Z","rule":{"uuid":"7594bdc9-b537-4750-8db7-544e69356e58","value":"red","category":"Red","text":"red","media":null,"flow_uuid":"bdd61538-5f50-4836-a8fb-acaafd64ddb1"},"actions":[],"errors":[],"flow_uuid":"bdd61538-5f50-4836-a8fb-acaafd64ddb1"},{"node":"befb3cea-7773-4bbc-8024-b836f700163b","arrived_on":"2018-11-29T22:33:38.916Z","left_on":null,"rule":null,"actions":[{"type":"reply","msg":"Ok let's go get some Red Club!"}],"errors":[],"flow_uuid":"bdd61538-5f50-4836-a8fb-acaafd64ddb1"}],"flow":"bdd61538-5f50-4836-a8fb-acaafd64ddb1","contact":{"uuid":null,"name":null,"urns":[],"groups":[],"fields":{},"language":null},"started":"2018-11-29T22:33:29.279Z","revision":1,"completed":true,"app_version":"11.5.3","submitted_by":"org1.surveyor@nyaruka.com"}